Workbook

Sheet Quote Template
A1: AUTOMATED HOME/HEAR QUOTE TEMPLATE
A3: Client Name | D3: Use dropdowns in Column A | E3: Descriptions, pricing, rebates, and totals auto-populate
A4: Address Line 1 | D4: Water heater | E4: A.O. Smith HPWH remains default/constant unless changed
A5: City, State ZIP | D5: Insulation | E5: Default insulation remains constant unless changed
A6: Invoice # | D6: HVAC / electrical | E6: Select exact option from full technology choice list
A7: Quote Date | D7: Pricing | E7: Edit Data Lists pricing if a job-specific price changes
A8: Program | B8: H.E.A.R. QUOTE | D8: Sources | E8: Descriptions pulled from uploaded signed quotes and quick reference guide
A9: Default HVAC Selection | B9: Energy Star HVAC - York 3 Ton Straight AC + Furnace | D9: Instructions | E9: Choose technology choices in A12:A25
A11: TECHNOLOGY CHOICE | B11: TECHNOLOGY | C11: DESCRIPTION | D11: UNIT PRICE | E11: REBATE | F11: TOTAL | G11: SOURCE
A12: Hot Water Heat Pump - A.O. Smith Signature 900 50 Gal | B12: =IFERROR(VLOOKUP($A12,'Data Lists'!$A:$H,2,FALSE),"") -> Hot Water Heat Pump | C12: =IFERROR(VLOOKUP($A12,'Data Lists'!$A:$H,3,FALSE),"") -> AHRI # HPS10-50H45DV 2** Brand A.O. Smith Signature 900 50-Gallon Hybrid Heat Pump Water Heater Model # HSPN10-50H45DV Efficiency: 452 Tank size: 50 Description of installation labor Update gas water heater tank and replace it with an Energy Star Water Heater. Disconnect and remove the existing water heater if applicable Dispose and remove equipment Disconnect existing water and gas or electrical connection and venting, as required Install a new gas or electric water heater as specified in this proposal Set unit in the existing location Connect to existing, serviceable water piping, gas or electric supply, temperature and pressure relief piping, and venting. Startup unit and verify proper operations Includes installation kit | D12: =IFERROR(VLOOKUP($A12,'Data Lists'!$A:$H,4,FALSE),"") -> 1750 | E12: =IFERROR(VLOOKUP($A12,'Data Lists'!$A:$H,5,FALSE),"") -> -1750 | F12: =IF($A12="","",IFERROR(VLOOKUP($A12,'Data Lists'!$A:$H,6,FALSE),D12+E12)) -> 0 | G12: =IFERROR(VLOOKUP($A12,'Data Lists'!$A:$H,8,FALSE),"") -> Sawyer/Ramirez quotes + Contractor Quick Reference
A13: Electrical - Water Heater Only | B13: =IFERROR(VLOOKUP($A13,'Data Lists'!$A:$H,2,FALSE),"") -> Electrical | C13: =IFERROR(VLOOKUP($A13,'Data Lists'!$A:$H,3,FALSE),"") -> Detailed description Materials needed, approximate length of wire: Wires for changing out Water Heater from Gas to Electric Which qualified upgrade install requires electrical wiring: WH Description of labor involved: Electrician will be updating panel and upgrades to electrical because of WH | D13: =IFERROR(VLOOKUP($A13,'Data Lists'!$A:$H,4,FALSE),"") -> 2000 | E13: =IFERROR(VLOOKUP($A13,'Data Lists'!$A:$H,5,FALSE),"") -> -2000 | F13: =IF($A13="","",IFERROR(VLOOKUP($A13,'Data Lists'!$A:$H,6,FALSE),D13+E13)) -> 0 | G13: =IFERROR(VLOOKUP($A13,'Data Lists'!$A:$H,8,FALSE),"") -> Sawyer quote
A14: Crawl Space Insulation and Air Seal - Owens Corning R-19 | B14: =IFERROR(VLOOKUP($A14,'Data Lists'!$A:$H,2,FALSE),"") -> Crawl Space Insulation and Air Seal | C14: =IFERROR(VLOOKUP($A14,'Data Lists'!$A:$H,3,FALSE),"") -> Owens Corning R-19 Wall Unfaced Fiberglass Batt Insulation 77.5-sq ft (15-in W x 93-in L) R-19 unfaced insulation batt, easy 2x6 wall, floor and crawlspace install. 34 R-Value added per Inch Model #E55P Maximum R-Value -19 Square feet of area to be insulated: 800 ft² | D14: =IFERROR(VLOOKUP($A14,'Data Lists'!$A:$H,4,FALSE),"") -> 2000 | E14: =IFERROR(VLOOKUP($A14,'Data Lists'!$A:$H,5,FALSE),"") -> -2000 | F14: =IF($A14="","",IFERROR(VLOOKUP($A14,'Data Lists'!$A:$H,6,FALSE),D14+E14)) -> 0 | G14: =IFERROR(VLOOKUP($A14,'Data Lists'!$A:$H,8,FALSE),"") -> Sawyer HOME quote
A15: Attic Insulation - Owens Corning / PINK Next Gen R-38 | B15: =IFERROR(VLOOKUP($A15,'Data Lists'!$A:$H,2,FALSE),"") -> Attic Insulation | C15: =IFERROR(VLOOKUP($A15,'Data Lists'!$A:$H,3,FALSE),"") -> Location of insulation to be installed: Attic Square feet of area to be insulated: 800 ft² Type of Energy Star insulation: PINK Next Gen Owens Corning Batt Fiberglass Corning Current R value: 12.15 Ending R value: 38 | D15: =IFERROR(VLOOKUP($A15,'Data Lists'!$A:$H,4,FALSE),"") -> 1600 | E15: =IFERROR(VLOOKUP($A15,'Data Lists'!$A:$H,5,FALSE),"") -> -1600 | F15: =IF($A15="","",IFERROR(VLOOKUP($A15,'Data Lists'!$A:$H,6,FALSE),D15+E15)) -> 0 | G15: =IFERROR(VLOOKUP($A15,'Data Lists'!$A:$H,8,FALSE),"") -> Sawyer quote
A16: Electrical Panel Upgrade - Main Outside Panel | B16: =IFERROR(VLOOKUP($A16,'Data Lists'!$A:$H,2,FALSE),"") -> Electrical Panel | C16: =IFERROR(VLOOKUP($A16,'Data Lists'!$A:$H,3,FALSE),"") -> Detailed description: Panel is not installed correctly. The panel box is over the breaker and impacting easy shut off. Materials needed: New panel box, updated breakers Specify main panel or sub panel: Main outside panel Description of labor involved: Electrician will be updating the panel and breakers as required by the qualified equipment install. | D16: 4000 | E16: 4000 | F16: =IF($A16="","",IFERROR(VLOOKUP($A16,'Data Lists'!$A:$H,6,FALSE),D16+E16)) -> 0 | G16: =IFERROR(VLOOKUP(#REF!,'Data Lists'!$A:$H,8,FALSE),"")
A17: Heat Pump Dryer - LG DLHC1455W | B17: =IFERROR(VLOOKUP($A17,'Data Lists'!$A:$H,2,FALSE),"") -> Heat Pump Dryer | C17: =IFERROR(VLOOKUP($A17,'Data Lists'!$A:$H,3,FALSE),"") -> Updating dryer to an Energy Star Heat Pump Dryer Model DLHC1455W | D17: =IFERROR(VLOOKUP($A17,'Data Lists'!$A:$H,4,FALSE),"") -> 840 | E17: =IFERROR(VLOOKUP($A17,'Data Lists'!$A:$H,5,FALSE),"") -> -840 | F17: =IF($A17="","",IFERROR(VLOOKUP($A17,'Data Lists'!$A:$H,6,FALSE),D17+E17)) -> 0 | G17: =IFERROR(VLOOKUP($A16,'Data Lists'!$A:$H,8,FALSE),"") -> 5213 Walnut material list
G18: =IFERROR(VLOOKUP($A17,'Data Lists'!$A:$H,8,FALSE),"") -> 5213 Walnut material list

Sheet Data Lists
A1: Technology Choice | B1: Technology | C1: Description | D1: Unit Price | E1: Rebate | F1: Total | G1: Category | H1: Source | I1: Column1 | J1: Program | L1: Column1 | M1: Column2 | N1: Column3 | O1: Column4 | P1: Column5
A2: Hot Water Heat Pump - A.O. Smith Signature 900 50 Gal | B2: Hot Water Heat Pump | C2: AHRI # HPS10-50H45DV 2** Brand A.O. Smith Signature 900 50-Gallon Hybrid Heat Pump Water Heater Model # HSPN10-50H45DV Efficiency: 452 Tank size: 50 Description of installation labor Update gas water heater tank and replace it with an Energy Star Water Heater. Disconnect and remove the existing water heater if applicable Dispose and remove equipment Disconnect existing water and gas or electrical connection and venting, as required Install a new gas or electric water heater as specified in this proposal Set unit in the existing location Connect to existing, serviceable water piping, gas or electric supply, temperature and pressure relief piping, and venting. Startup unit and verify proper operations Includes installation kit | D2: 1750 | E2: -1750 | F2: 0 | G2: HEAR / Constant | H2: Sawyer/Ramirez quotes + Contractor Quick Reference | J2: H.O.M.E. QUOTE
A3: Hot Water Heat Pump - Aerotherm G2 50 Gal | B3: Hot Water Heat Pump | C3: AHRI # 214784826 Brand and description: Aerotherm G2 Model # RE2HP5010PROPH50-T2-RH400 Efficiency: 430 Tank size: 50 Description of installation labor Update gas water heater tank and replace it with an Energy Star Water Heater. Disconnect and remove the existing water heater if applicable Dispose and remove equipment Disconnect existing water and gas or electrical connection and venting, as required Install a new gas or electric water heater as specified in this proposal Set unit in the existing location Connect to existing, serviceable water piping, gas or electric supply, temperature and pressure relief piping, and venting. Startup unit and verify proper operations | D3: 4000 | E3: -1750 | F3: 2240 | G3: HEAR | H3: 11519 Blushing Star Ct quote | J3: H.E.A.R. QUOTE
A4: Electrical - Water Heater Only | B4: Electrical | C4: Detailed description Materials needed, approximate length of wire: Wires for changing out Water Heater from Gas to Electric Which qualified upgrade install requires electrical wiring: WH Description of labor involved: Electrician will be updating panel and upgrades to electrical because of WH | D4: 2000 | E4: -2000 | F4: 0 | G4: HEAR / Electrical | H4: Sawyer quote
A5: Electrical - HVAC and Water Heater | B5: Electrical | C5: Detailed description Materials needed, approximate length of wire: Wires for changing out HVAC and Water Heater from Gas to Electric Which qualified upgrade install requires electrical wiring: HVAC, WH Description of labor involved: Electrician will be updating panel and upgrades to electrical because of WH and HVAC | D5: 2500 | E5: -2500 | F5: 0 | G5: HEAR / Electrical | H5: Jasmine/Samuel quotes
A6: Electrical Panel Upgrade - Main Outside Panel | B6: Electrical Panel | C6: Detailed description: Panel is not installed correctly. The panel box is over the breaker and impacting easy shut off. Materials needed: New panel box, updated breakers Specify main panel or sub panel: Main outside panel Description of labor involved: Electrician will be updating the panel and breakers as required by the qualified equipment install. | D6: 2500 | E6: -2500 | F6: 0 | G6: HEAR / Electrical | H6: 5213 Walnut material list
A7: Attic Insulation - Owens Corning / PINK Next Gen R-38 | B7: Attic Insulation | C7: Location of insulation to be installed: Attic Square feet of area to be insulated: 800 ft² Type of Energy Star insulation: PINK Next Gen Owens Corning Batt Fiberglass Corning Current R value: 12.15 Ending R value: 38 | D7: 1600 | E7: -1600 | F7: 0 | G7: HEAR / Constant Insulation | H7: Sawyer quote
A8: Attic Insulation - Owens Corning 1,431 SF R-38 | B8: Attic Insulation | C8: Description of insulation Location of insulation to be installed: Attic Square feet of area to be insulated: 1,431 Type of Energy Star insulation: Owens Corning Current R value: 12.15 Ending R value: 38 | D8: 1600 | E8: -1600 | F8: 0 | G8: HEAR / Insulation | H8: 11519 Blushing Star Ct quote
A9: Attic Insulation - CertainTeed R-38 Spray In 1,100 SF | B9: Attic Insulation | C9: Location of insulation to be installed: Attic Square feet of area to be insulated: 1,100 ft² Type of Energy Star insulation: CertainTeed R-38 Spray In Insulation for 1,100 sf area Current R value: 3.75 Ending R value: 49 R Value | D9: 1600 | E9: -1600 | F9: 0 | G9: HEAR / Insulation | H9: 5213 Walnut quote
A10: Crawl Space Insulation and Air Seal - Owens Corning R-19 | B10: Crawl Space Insulation and Air Seal | C10: Owens Corning R-19 Wall Unfaced Fiberglass Batt Insulation 77.5-sq ft (15-in W x 93-in L) R-19 unfaced insulation batt, easy 2x6 wall, floor and crawlspace install. 34 R-Value added per Inch Model #E55P Maximum R-Value -19 Square feet of area to be insulated: 800 ft² | D10: 2000 | E10: -2000 | F10: 0 | G10: HOME / Constant Insulation | H10: Sawyer HOME quote
A11: Crawl Space Insulation and Air Seal - Owens Corning R-19 1,300 SF | B11: Crawl Space Insulation and Air Seal | C11: Owens Corning R-19 Wall Unfaced Fiberglass Batt Insulation 77.5-sq ft (15-in W x 93-in L) R-19 unfaced insulation batt, easy 2x6 wall, floor and crawlspace install 34 R-Value added per Inch Model #E55P Maximum R-Value -19 Area: 1300 sf | D11: 2250 | E11: -2250 | F11: 0 | G11: HOME / Insulation | H11: 6313 Tabor Church Rd quote
A12: Air Seal - Attic Penetrations and Hatch | B12: Air Seal | C12: List of each air sealing location: Air seal attic electrical, plumbing, walls and top plate penetrations. Attic hatch cover seal & insulation. Description of labor involved: 1 Day: 2- or 3-hour job | D12: 1000 | E12: -1000 | F12: 0 | G12: HEAR / Air Seal | H12: Sawyer quote
A13: Heat Pump Dryer - LG DLHC1455W | B13: Heat Pump Dryer | C13: Updating dryer to an Energy Star Heat Pump Dryer Model DLHC1455W | D13: 840 | E13: -840 | F13: 0 | G13: HEAR | H13: 5213 Walnut material list
A14: Energy Star HVAC - York 2 Ton Heat Pump System | B14: Energy Star HVAC | C14: AHRI - 217016555 York 2 Ton HP ODU R454B. The YC6 models are 16+ SEER2 high-efficiency outdoor HVAC units designed to pair with residential indoor systems for complete home comfort solutions across the U.S. and Canada. ODU: YH624E2S11 AHU: JHE24B5AC2SS1 Heater Kit: S1-8HK16500506 HSPF2 - 8 SEER2 - 16 EER2 - 12 Heating capacity 24000 BTU Cooling capacity 24000 BTU York 2 Ton AHU Description of install labor Our Exclusive 1 Year Installation Warranty Evacuate refrigerant system, removes air and water Ensure proper amount of freon in AC or HP Complete inspection upon completion Remove and dispose used equipment Ensures proper drainage Clean up work area before leaving worksite Sealed connections for greater efficiency Includes County permit WIFI Thermostat 10 year compressor warranty 10 year parts warranty Equipment Pad to stabilize outdoor unit Equipment selection and sizing per our Heating & Cooling load calculations. Honeywell smart thermostat. 5” display comes with Equipment Interface Module for 2 wire operation. Drip pan for air handler/furnace New return air flex install - R-8 foil backed flex New supply air flex install - R-8 foil backed flex New return plenum box made of metal and insulated New supply plenum distribution box made of metal and insulated Standard duct work transition County Permit included Reconnect indoor equipment to existing electrical Reconnect outdoor equipment to existing electrical | D14: 14000 | E14: -14000 | F14: 0 | G14: HOME / HVAC | H14: Contractor Quick Reference + Sawyer quote
A15: Energy Star HVAC - York 3 Ton Heat Pump System | B15: Energy Star HVAC | C15: AHRI - 217016556 York 3 Ton HP ODU R454B. The YC6 models are 16+ SEER2 high-efficiency outdoor HVAC units designed to pair with residential indoor systems for complete home comfort solutions across the U.S. and Canada. ODU: YH636E2S11 AHU: JHE36B5CD2SS1 Heater Kit: S1-8HK16500806 HSPF2 - 8 SEER2 - 16 EER2 - 12 Heating capacity 36000 BTU Cooling capacity 36000 BTU York 3 Ton AHU Description of install labor Our Exclusive 1 Year Installation Warranty Evacuate refrigerant system, removes air and water Ensure proper amount of freon in AC or HP Complete inspection upon completion Remove and dispose used equipment Ensures proper drainage Clean up work area before leaving worksite Sealed connections for greater efficiency Includes County permit WIFI Thermostat 10 year compressor warranty 10 year parts warranty Equipment Pad to stabilize outdoor unit Equipment selection and sizing per our Heating & Cooling load calculations. Honeywell smart thermostat. 5” display comes with Equipment Interface Module for 2 wire operation. Drip pan for air handler/furnace New return air flex install - R-8 foil backed flex New supply air flex install - R-8 foil backed flex New return plenum box made of metal and insulated New supply plenum distribution box made of metal and insulated Standard duct work transition County Permit included Reconnect indoor equipment to existing electrical Reconnect outdoor equipment to existing electrical | D15: 16000 | E15: -16000 | F15: 0 | G15: HOME / HVAC | H15: Contractor Quick Reference + Sawyer quote
... A18: Energy Star HVAC - MoovAir HP 3 Ton | B18: Energy Star HVAC | C18: AHRI # 216030978 Outdoor unit Brand and description: MoovAir HP 3 Ton Model # MSHMB36R2AN1 HSPF2: 10 SEER2: 18 Heating capacity: 37000 Compatible indoor unit description for each outdoor unit Brand and description: MoovAir HP Model # MSHMA36 Description of install labor Our Exclusive 1 Year Installation Warranty Evacuate refrigerant system, removes air and water Ensure proper amount of freon in AC or HP Complete inspection upon completion Remove and dispose used equipment Ensures proper drainage Clean up work area before leaving worksite Sealed connections for greater efficiency Includes County permit WIFI Thermostat 10 year compressor warranty 10 year parts warranty Equipment Pad to stabilize outdoor unit Equipment selection and sizing per our Heating & Cooling load calculations. Honeywell smart thermostat. 5” display comes with Equipment Interface Module for 2 wire operation. Drip pan for air handler/furnace New return air flex install - R-8 foil backed flex New supply air flex install - R-8 foil backed flex New return plenum box made of metal and insulated New supply plenum distribution box made of metal and insulated Standard duct work transition County Permit included Reconnect indoor equipment to existing electrical Reconnect outdoor equipment to existing electrical | D18: 15000 | E18: -8000 | F18: 7000 | G18: HOME / HVAC | H18: 11519 Blushing Star Ct quote

Sheet Instructions
A1: How to Use the Automated Quote Template
A3: Step | B3: Action | C3: Where | D3: Result
A4: 1 | B4: Enter client/invoice information | C4: Quote Template B3:B9 | D4: Header information is ready for the quote.
A5: 2 | B5: Select Program | C5: Quote Template B8 dropdown | D5: Program label changes between HOME and HEAR.
A6: 3 | B6: Select technology choices | C6: Quote Template A12:A25 dropdown | D6: Technology, description, price, rebate, total, and source auto-populate.
A7: 4 | B7: Update or add choices | C7: Data Lists A:H | D7: New choices become available in the dropdown when added within A2:A18.
A8: 5 | B8: Water heater / insulation defaults | C8: Rows 12 and 15 | D8: Defaults are preloaded but can be changed if needed.
A9: 6 | B9: Adjust pricing | C9: Data Lists D:E | D9: Quote totals update through formulas.
A10: 7 | B10: Print/save quote | C10: Quote Template | D10: Use the quote table section for customer quote output.
